PMID,Status
26888055,ok
26360800,ok
17877814,ok
10521294,ok
23225144,ok
16014569,ok
32425970,ok
31613886,ok
21155762,ok
17447881,ok
32819855,ok
32937375,ok
28250423,ok
19370767,ok
29520894,ok
24470512,ok
17221156,ok
25435355,ok
20577208,ok
17899368,ok
10873394,ok
15929773,ok
25517749,ok
30337059,ok
28875981,ok
18559594,ok
29891518,ok
25004247,ok
17949294,ok
28580595,ok
23276700,ok
29700634,ok
17333338,ok
23960188,ok
18373402,ok
23273562,ok
18085035,status unknown
24688104,ok
31411343,ok
34070849,ok
15536480,ok
30610106,ok
10573010,ok
26659639,ok
31243857,ok
31822495,ok
33150251,captcha encountered
22729890,ok
9724087,captcha encountered
18718650,ok
29575718,ok
25504677,ok
12833420,ok
25777348,ok
7906417,ok
30872186,ok
29061375,ok
24056881,ok
23891399,ok
26625971,ok
21794948,ok
25420488,ok
16111488,ok
15580565,ok
30523342,ok
26191039,ok
16534870,captcha encountered
10571949,ok
31221207,ok
24694336,ok
10330348,ok
28135145,captcha encountered
21445611,ok
30777372,ok
19202204,status unknown
24206657,ok
31535668,captcha encountered
26690524,ok
31403082,ok
33010199,ok
31721094,ok
22250089,ok
25803691,ok
16403807,ok
15185344,ok
25330149,ok
31406247,ok
17510392,ok
28122867,ok
9311737,ok
16791840,ok
30086788,ok
25318351,ok
1379210,ok
31647837,ok
32817299,ok
27644661,status unknown
12496477,ok
27272900,ok
20233476,ok
20100616,ok
28944232,ok
32377563,ok
9856796,ok
31332305,ok
18534194,ok
28152038,ok
12734318,ok
20028993,ok
12216071,ok
2948427,ok
27601542,ok
20805886,ok
14633685,status unknown
16203774,ok
14756672,ok
26585945,ok
12885464,ok
25503501,ok
25896959,ok
30400234,ok
17968022,ok
27876123,ok
31270457,ok
15122587,ok
24763289,ok
19674077,ok
11251181,ok
26848529,ok
32980694,ok
24929235,ok
23532519,ok
30680046,ok
12872263,ok
20880762,ok
23096355,ok
11996792,ok
29580235,ok
20020535,ok
31992580,ok
23371967,ok
17376234,ok
27994516,ok
18687795,ok
12552559,ok
31131967,ok
25749350,ok
16134171,ok
22131123,ok
19191323,ok
25447460,ok
20022961,ok
8521398,status unknown
21218378,status unknown
31396961,ok
8808599,status unknown
17609395,ok
30274822,ok
26544948,ok
25742471,ok
10363127,ok
24326041,ok
31966835,status unknown
8595405,ok
32080788,ok
25186627,ok
18284688,ok
25512458,ok
16867867,ok
28211887,ok
17295913,ok
28176296,ok
26283626,ok
19941162,ok
1601884,status unknown
17624602,ok
33307091,ok
31447099,ok
15905293,ok
28608266,ok
17545690,ok
28364669,ok
31060517,ok
28529015,ok
14735203,ok
16343894,ok
20687945,ok
9572492,ok
28472998,ok
26353884,ok
31921681,ok
31377847,ok
21479187,ok
24788313,ok
29717118,ok
25559809,ok
16116423,ok
12497634,ok
32756499,ok
15338273,ok
28747773,ok
16741161,ok
28465863,ok
21964575,ok
25099575,ok
17344931,ok
27163896,status unknown
16940983,ok
17899372,ok
15483652,ok
17011978,ok
29280214,ok
14612911,ok
17510385,ok
26506619,ok
28769567,ok
32595826,captcha encountered
32438681,ok
22608206,ok
29300620,ok
27379089,ok
12200596,ok
16563611,ok
12826609,ok
11746755,ok
29036293,ok
26856995,ok
24772314,ok
28874130,ok
21725363,ok
20846557,ok
28164237,ok
24727426,ok
22495309,ok
26900293,ok
8531967,ok
27037742,ok
31034466,ok
27664052,ok
26811195,ok
24770791,ok
19197335,ok
32608199,captcha encountered
8755918,status unknown
23317186,captcha encountered
31451522,ok
26787654,ok
25032700,ok
11505391,ok
23704879,ok
32860304,ok
16715139,ok
29307628,ok
18306312,ok
9150172,status unknown
32284345,ok
28796317,ok
30258276,captcha encountered
16144131,ok
10447267,ok
7573058,status unknown
28503720,ok
31409081,captcha encountered
31595648,ok
23840564,ok
24168015,ok
12815607,ok
18951461,ok
28125075,ok
18483852,ok
10866029,ok
22595425,ok
16301862,ok
28659335,ok
20862607,ok
25117502,ok
25896519,ok
28502372,ok
26934580,ok
32546565,ok
18794803,ok
15131399,ok
18480049,ok
18694767,ok
26336887,ok
12967658,ok
24817641,ok
15032977,ok
19228690,ok
19690142,ok
32191290,ok
29665859,ok
17407155,ok
32860008,ok
23704984,ok
26173098,ok
19806110,ok
29395620,ok
33062672,ok
15931596,ok
19893581,ok
31784484,ok
30555066,status unknown
24489791,ok
29120461,ok
29979965,ok
21343951,ok
16322339,ok
30224644,ok
9829911,ok
31206626,ok
30550791,ok
31966388,status unknown
28230820,status unknown
26021842,ok
26096009,ok
20090211,ok
28222693,ok
24068316,ok
10732761,ok
9132280,status unknown
26024875,ok
8655143,ok
27516001,ok
24755471,ok
31160353,ok
33946229,captcha encountered
16758124,ok
24497850,ok
25260786,ok
32426482,ok
18328813,ok
25077176,ok
27651169,ok
29196670,ok
31697235,captcha encountered
21325292,ok
21965345,ok
31948886,ok
9140397,ok
23874397,ok
32959997,ok
17304050,ok
33469799,captcha encountered
16134147,ok
12955716,ok
8988179,ok
33407601,captcha encountered
27022295,ok
26719302,ok
22612315,ok
26990548,ok
21279724,ok
22464251,ok
16525781,ok
15235021,ok
29520813,ok
31573083,ok
12719375,ok
9357828,ok
31642931,ok
27258816,ok
26277102,ok
6329583,ok
30099369,ok
28807866,ok
33280026,ok
15784035,ok
16963320,ok
28486781,ok
21232165,ok
16030099,ok
24362816,ok
28552549,ok
17719933,ok
20979234,ok
26775776,ok
31231669,ok
29936259,ok
28255869,ok
9609997,ok
7632931,status unknown
32133419,ok
28961279,ok
25480383,ok
29359340,ok
24121792,ok
14695534,ok
29161300,ok
30862463,ok
27673710,ok
28205045,ok
20167696,ok
19863800,ok
20388775,ok
19826964,ok
28191889,ok
30504929,ok
17065424,ok
31180159,ok
11585852,ok
24909261,ok
22826098,ok
32849802,ok
23076339,ok
21111774,ok
26921362,ok
28528517,ok
31327751,ok
8298653,ok
27595995,ok
17972171,ok
23298314,ok
28283864,ok
25363768,ok
33365374,captcha encountered
23561487,ok
22692065,ok
26546047,ok
31278746,ok
30540547,ok
15991306,status unknown
30979843,ok
26759166,ok
28780672,ok
15300780,ok
21523855,ok
29106415,ok
23951062,ok
23942203,ok
12655567,ok
21787400,ok
19254590,ok
27435373,ok
20981092,ok
31085341,ok
28301460,ok
23017166,ok
28263838,ok
33503190,ok
21810974,ok
11979449,ok
28528867,ok
31523618,captcha encountered
11156381,status unknown
1380943,ok
30862690,ok
20052722,ok
26247737,ok
27640074,ok
8651278,status unknown
24894818,ok
28726806,ok
29351780,ok
29227476,ok
28709830,ok
32072083,ok
23289006,ok
26762354,captcha encountered
32383162,ok
24060861,ok
16287072,ok
15818573,ok
23108138,ok
33444353,captcha encountered
25326804,ok
25614872,ok
21665257,ok
11606402,ok
22974104,ok
25893891,ok
18000367,ok
24662767,ok
22440936,ok
18561205,ok
23354634,ok
15279808,ok
10601093,ok
27131402,ok
12938083,ok
25192356,ok
28028119,ok
21156949,ok
16736289,ok
23361220,ok
29341112,ok
11257211,ok
26252490,ok
29338072,ok
24586523,ok
24791139,status unknown
26755536,ok
8574961,ok
16885385,ok
29899868,ok
27062684,ok
9544765,ok
31108397,ok
11788090,ok
31088717,ok
8872463,ok
17606709,ok
16983642,ok
17102082,ok
29367705,ok
28508593,ok
31343793,ok
12167682,ok
28733979,ok
26580448,ok
32613071,ok
28781887,ok
21376568,ok
11807402,ok
17489848,ok
29884841,ok
19802898,ok
14512394,ok
19372376,ok
30362333,captcha encountered
31316750,captcha encountered
31871109,ok
17308087,ok
19576851,ok
23070125,ok
26727948,ok
16905682,ok
31527833,ok
33050356,ok
24983367,ok
31112363,ok
15750927,ok
11598162,ok
23861464,ok
20502448,ok
32546644,ok
14769601,ok
20614180,ok
22648184,ok
24764152,ok
25529843,ok
12765848,ok
22217648,ok
11709755,ok
25801821,ok
15923272,ok
15133503,ok
11139248,ok
28878254,ok
30583724,ok
19543972,ok
8128956,status unknown
29052111,ok
32487094,ok
20510827,ok
31985013,ok
25587027,ok
21195604,ok
28591191,ok
25203624,ok
1651563,ok
25575445,ok
11773631,ok
26072394,ok
33199492,ok
27273229,ok
24319509,ok
22972948,ok
26790966,captcha encountered
30693488,ok
31811167,ok
26681312,ok
17287723,ok
32731384,ok
30938815,ok
18753630,ok
23503723,ok
30516811,ok
28569218,ok
32268276,ok
9751722,ok
26817999,ok
18507830,ok
30426508,ok
27354474,ok
15447980,ok
21520174,ok
25184284,ok
19747374,ok
12100744,ok
31916644,ok
11933206,ok
25111073,ok
29908419,ok
32000721,ok
24390236,ok
31660093,ok
3467277,status unknown
25382762,ok
32948427,ok
17001622,ok
26847993,ok
22538716,ok
20460946,ok
32906215,ok
15354332,ok
32984025,ok
26761715,ok
17924331,ok
23054243,ok
17403394,ok
28577310,ok
30811104,ok
24713400,ok
20418187,ok
19452044,ok
23718828,ok
31599855,ok
12792735,status unknown
15342711,ok
18199528,ok
11929857,ok
23810505,ok
17531815,ok
28495237,ok
30204945,ok
12112655,ok
27602952,captcha encountered
28726808,ok
29312738,ok
33203166,ok
20859677,ok
12820975,ok
26684191,ok
21811971,captcha encountered
12101426,ok
24728189,ok
12578973,ok
16201750,ok
29467240,ok
32166868,ok
11106358,ok
30955891,ok
28664506,ok
18844490,ok
26133394,ok
10200050,ok
28440294,ok
32714280,ok
23321498,ok
21933854,ok
16528612,ok
27356891,ok
22558107,ok
26975740,ok
31097095,ok
23433720,ok
16996809,ok
9724771,ok
25625042,ok
31143303,ok
31831373,ok
20007843,ok
32172930,ok
28380455,ok
32218800,ok
27829682,ok
20516115,ok
28756644,ok
10497279,captcha encountered
22538434,ok
27176796,ok
28687356,ok
21228398,ok
16080966,ok
25762362,ok
31867841,ok
32915263,ok
18779604,ok
17489851,ok
17200671,ok
15173255,ok
19759551,ok
20041224,ok
10408776,ok
31240875,ok
31644632,captcha encountered
29446248,ok
12628594,ok
32659967,ok
26941049,ok
15004537,ok
29987844,ok
29105242,ok
22539344,ok
12602912,ok
20459533,ok
23341105,ok
22722839,ok
30055942,ok
28246274,ok
10732801,ok
28294317,ok
26287763,ok
33635883,captcha encountered
20960228,ok
16408224,ok
22581703,ok
15371594,ok
24814045,ok
29755699,captcha encountered
15520370,ok
12960223,ok
30446652,ok
27626691,ok
16774938,ok
25452441,ok
27878467,ok
32020225,captcha encountered
19808697,ok
27996019,ok
20551465,ok
31176623,ok
32708251,ok
10425038,ok
31558676,ok
31415627,ok
27658390,ok
30633282,ok
26667234,ok
12533684,ok
33925588,captcha encountered
9691142,ok
27433846,ok
11379874,ok
24933152,ok
10413423,ok
17496786,ok
19431188,ok
32040686,ok
12624724,ok
21993507,ok
20510657,ok
27540018,ok
32066632,ok
32986223,ok
15239132,ok
28427513,ok
30181556,ok
24344984,ok
15841489,ok
32048105,ok
10227394,status unknown
10495924,ok
22473090,ok
25959805,ok
14627689,ok
26395553,ok
30111881,ok
32288518,ok
21063410,ok
31278556,ok
30008175,ok
27701467,ok
24569162,ok
19888216,ok
28592523,ok
30761385,ok
33468216,captcha encountered
7894493,ok
31614935,ok
29174009,ok
16982735,ok
20513136,ok
23302520,ok
9711876,ok
33071758,ok
8552400,status unknown
31623367,ok
22781434,ok
7833149,ok
28562508,ok
14970866,ok
26822949,ok
28232778,ok
29177515,ok
25748678,ok
25986922,ok
25781545,ok
8509216,ok
21993671,ok
30086056,ok
21113654,ok
18836774,ok
26038974,ok
16618716,ok
9635293,ok
29324814,ok
10812063,ok
31931137,ok
22903760,ok
32325837,ok
29656518,ok
26740943,ok
24834277,status unknown
20725929,ok
23787126,ok
19453252,ok
12875964,ok
9362443,ok
7585650,status unknown
23867111,captcha encountered
30309222,captcha encountered
27425403,ok
22918162,ok
18302728,ok
25356972,ok
24465539,ok
21952622,ok
32171268,ok
17703316,ok
15133491,ok
32214092,ok
24789813,ok
12601471,ok
25712764,ok
26023681,ok
23329266,ok
28118382,ok
22641385,ok
31719806,ok
24501230,ok
20152622,ok
19770520,ok
10712197,ok
7987387,ok
6385572,ok
32522261,ok
9654203,ok
20530095,ok
9218993,status unknown
10533067,ok
16385572,ok
30964210,ok
9497252,ok
31745173,ok
9887333,ok
19571771,ok
20522432,ok
15858154,ok
26045165,ok
26104880,ok
26619011,ok
23613520,ok
24735542,ok
26436112,ok
18301448,ok
15937982,ok
24376576,ok
26057125,ok
27756406,ok
19763884,ok
22014273,ok
21671020,ok
20452997,ok
26709662,ok
32354471,ok
28277317,ok
22658665,ok
25224212,ok
32808982,ok
27352193,ok
12376507,status unknown
27011036,ok
19794292,ok
31825140,ok
17182618,ok
16550608,ok
11054065,ok
31300551,ok
26092435,ok
16532029,ok
20562348,ok
31739127,ok
31360874,ok
32467295,ok
19523210,ok
31005549,ok
30773851,ok
25142776,ok
22426235,ok
11606401,ok
25058887,ok
23758643,ok
12111193,ok
32773772,ok
24549055,ok
33054725,ok
16061562,ok
27376475,ok
10037723,ok
10389749,ok
20849526,ok
19804756,ok
19405097,ok
17020472,ok
31747416,ok
12807974,ok
15920539,ok
10454237,ok
23990666,ok
29698444,ok
26574590,ok
16835864,ok
26423924,ok
25526195,ok
9326924,ok
28912018,ok
28423360,ok
28388566,ok
27363283,ok
26206375,ok
26658419,ok
32324779,ok
27146957,ok
33547292,ok
23552953,ok
27978560,ok
21156238,ok
12621246,ok
23576677,ok
31175329,ok
16914028,ok
30212499,ok
33436325,captcha encountered
20456320,ok
25938944,ok
9808526,ok
29849630,ok
32025909,ok
23149842,ok
18446350,ok
12843323,ok
17380060,ok
29330641,ok
26740942,ok
25527155,ok
30225334,ok
24395243,ok
26543556,ok
21235684,ok
32561571,ok
32960960,ok
16832357,ok
26364555,ok
30982232,ok
25545608,ok
26945337,ok
27782108,ok
33393655,captcha encountered
30827058,ok
29088781,ok
29929473,ok
32350270,ok
32810930,captcha encountered
23585524,ok
20104584,ok
31385734,ok
28993866,ok
28386644,ok
27093186,ok
28170084,ok
26411315,ok
31263054,ok
28825054,ok
22911665,ok
30136158,ok
15728811,ok
29659569,ok
26722329,ok
30989425,ok
32598223,ok
27895798,ok
31312277,ok
15121768,ok
17119068,ok
29178639,ok
25157968,ok
23211287,ok
21805310,ok
28647780,ok
27214377,ok
29286535,ok
17922257,ok
9697702,ok
25780468,ok
29344583,ok
17318340,ok
30441849,ok
25318593,ok
15857421,ok
18951462,ok
9840919,ok
25714698,ok
21792198,ok
18495026,ok
26124082,ok
26437683,ok
15864295,ok
17244780,ok
26439923,ok
28905878,ok
31386297,ok
31277343,ok
21354044,ok
31028937,ok
31391288,ok
22986143,ok
22864661,ok
18269114,status unknown
30784236,ok
11179017,ok
29770616,ok
18511570,ok
12882767,ok
9254864,ok
26225579,ok
18571837,ok
17079196,ok
20205264,ok
27541980,ok
16288214,ok
32283892,ok
20737206,ok
12373605,ok
11741105,ok
24689082,ok
10102622,ok
8062247,status unknown
23171164,ok
29922827,ok
25468148,ok
25110875,ok
19404736,ok
21990134,ok
16557584,ok
10507723,status unknown
28324225,ok
21624971,ok
22736432,ok
30677251,ok
19731081,ok
20033483,ok
30675060,ok
31980526,ok
30350268,ok
31533797,ok
25371446,ok
11115850,ok
22744763,ok
32564428,ok
31638429,ok
26010302,ok
12624152,ok
29056344,ok
18036263,ok
26493493,ok
21956414,ok
23021409,ok
30112114,ok
24573554,ok
23310926,ok
17490827,ok
26232782,ok
21610753,ok
22395475,ok
25593300,ok
20981267,ok
26681309,ok
9585617,ok
23451180,ok
15738290,ok
26786923,ok
20140688,ok
23217326,ok
23161852,ok
18974781,ok
26046366,ok
26122175,ok
24916970,ok
28351343,ok
10666230,status unknown
30171174,ok
17513806,ok
19096324,ok
16691592,ok
33008098,ok
22970155,ok
22874498,ok
28550065,ok
30414346,ok
7529964,status unknown
14534301,ok
31320401,ok
19383231,ok
28301456,ok
29084914,ok
14633595,ok
31428572,ok
23383274,ok
23593539,status unknown
31703593,ok
31112341,ok
16912212,ok
31746132,ok
8075649,ok
25564201,ok
31991861,ok
19092437,ok
10537275,status unknown
21289244,ok
27756164,ok
26500333,ok
25900089,ok
28491141,ok
30666157,ok
17117178,ok
22241545,ok
30521987,ok
25356899,ok
8199559,ok
27631816,ok
27930734,ok
32291395,ok
19184535,ok
30216591,ok
29356578,ok
28979815,status unknown
29124743,ok
17305420,ok
17371465,ok
10970190,ok
9239681,ok
30982079,ok
28419251,ok
30316882,ok
21632861,ok
11112663,ok
27803004,ok
30883245,ok
19043619,ok
28881617,captcha encountered
15756685,ok
29271547,ok
24899223,ok
31808782,ok
26348468,ok
9150152,status unknown
28678401,ok
31655866,ok
19768578,ok
22020151,ok
12353271,ok
24700879,ok
8834176,ok
21454441,ok
10713887,ok
23175444,ok
31104418,status unknown
30303478,captcha encountered
27765917,captcha encountered
16061854,ok
22585170,ok
22752604,ok
30702443,captcha encountered
26787237,ok
28891274,ok
16189704,ok
21056691,ok
22684231,ok
20052758,ok
22225527,ok
16596947,ok
16931905,ok
28652578,ok
25569433,ok
25931164,ok
31851867,ok
11317365,ok
9101293,ok
19452558,ok
10875853,ok
19584272,ok
21979946,ok
29643063,ok
27495310,ok
20049516,ok
18313410,ok
25863477,ok
18725978,ok
24096176,ok
26260725,ok
19504447,captcha encountered
28392015,ok
19924528,ok
27111861,ok
29238914,ok
30564557,ok
30736435,ok
15605413,ok
30309218,captcha encountered
23074045,ok
32019277,captcha encountered
31444792,ok
25394176,ok
16280053,ok
16505482,ok
23434161,ok
12454775,ok
9803264,ok
8613431,ok
19117025,ok
19189136,ok
23415593,ok
30565349,ok
22297469,ok
19443904,ok
20571109,ok
17102085,ok
20706124,ok
16793542,ok
21642682,ok
30620386,ok
19836313,ok
11120338,ok
31433215,ok
9971877,ok
11379875,ok
11332401,captcha encountered
18678321,ok
21294210,ok
28365877,ok
23894400,ok
15533909,status unknown
32987645,ok
27547810,ok
11149413,ok
27573125,ok
32235514,ok
26911355,ok
22319033,ok
29769598,ok
9833759,ok
15865297,status unknown
10801865,ok
29420094,ok
28288036,ok
27779110,captcha encountered
31850909,ok
31866764,ok
11802209,ok
28281318,ok
7529962,status unknown
11555625,ok
18301449,ok
23901009,ok
30048458,ok
24908143,ok
24100870,ok
9238033,ok
32941469,ok
25087612,ok
32950894,ok
31214711,ok
28503822,ok
29682723,ok
14695186,status unknown
8918855,status unknown
16912137,ok
16207588,ok
33051659,ok
29240602,ok
27028212,ok
30146269,ok
24079363,ok
26898890,ok
25735457,ok
18410548,ok
27504877,ok
25839328,ok
9892178,status unknown
12015165,ok
7894492,ok
27720647,ok
29505604,ok
32377194,ok
32885271,ok
15151509,ok
33606978,captcha encountered
16168123,ok
10938175,ok
17854147,captcha encountered
23852950,ok
23709753,ok
28423643,ok
30842938,ok
30306255,ok
25078331,ok
19526325,ok
22678057,ok
9660926,ok
21422799,ok
12491487,ok
33296276,ok
25133505,ok
11949635,ok
28193182,ok
19127258,ok
21473589,ok
29522266,ok
29655203,ok
22977638,ok
17035430,ok
18489799,ok
25470109,ok
25415331,ok
12792784,status unknown
31410062,ok
25886176,ok
20127978,ok
32339256,ok
16114042,ok
21551259,ok
20039896,ok
31056861,ok
12137939,ok
17726540,ok
16857818,ok
19760749,ok
26497743,ok
10074927,ok
11051239,ok
30428509,ok
30502717,ok
18042801,ok
7508414,ok
18280732,ok
19324992,ok
22776961,ok
30333958,ok
12629264,status unknown
24441663,ok
16005615,ok
30653781,ok
30374176,ok
17449517,ok
28524158,ok
23935836,ok
32732076,ok
23091097,ok
32792570,ok
22373952,ok
26615915,ok
27683556,ok
28076423,ok
26771497,ok
31514334,ok
8702904,ok
15121783,ok
26354930,ok
25394175,ok
12658575,ok
20722467,ok
33029133,ok
22941188,ok
8938136,ok
11030417,ok
10023315,ok
19014821,ok
31914141,ok
29596542,ok
33033274,ok
16941491,ok
20233475,ok
17990525,status unknown
24093751,ok
31635116,ok
30925164,ok
30450785,ok
31882575,ok
28986857,ok
12670332,ok
10970186,ok
31751559,ok
31470354,ok
27085458,ok
27728908,ok
11756185,ok
29339979,ok
24928521,ok
18990764,ok
14722923,ok
30239046,ok
31187078,ok
29368341,ok
25006859,ok
28338653,ok
28272408,ok
30851065,ok
23849051,ok
28384794,ok
7882351,status unknown
9371798,ok
11805335,ok
12566528,ok
15798777,ok
28529006,ok
32310333,ok
18787472,ok
30871527,ok
16810201,ok
30638972,ok
30309722,ok
12935922,ok
12673804,ok
29308099,ok
11013456,ok
26862949,ok
29667044,ok
23403630,ok
28364582,ok
25416956,ok
22190868,ok
30716324,ok
31666926,ok
22102614,ok
29482223,ok
16341550,ok
26642834,ok
28599463,ok
10398427,status unknown
22771033,ok
24509483,captcha encountered
32906206,ok
30552997,ok
29680440,ok
27233470,ok
26014425,ok
24736066,ok
24315737,ok
29487695,ok
29515777,ok
23072324,ok
16569251,ok
31997046,ok
7522211,ok
28713588,ok
24444654,ok
31822803,ok
29945567,ok
24078560,captcha encountered
19394335,ok
32832836,ok
21521328,ok
27449771,ok
27378147,ok
18978175,ok
31285513,ok
29891941,ok
11156372,status unknown
16678503,ok
12454801,ok
14623934,ok
26692951,status unknown
12531920,ok
30517243,ok
12955719,ok
21735045,ok
29236234,ok
14695169,status unknown
21188540,ok
31449058,captcha encountered
29484706,ok
23187834,ok
31133068,ok
30181068,ok
25694125,ok
27088026,ok
28503092,captcha encountered
31737856,ok
29423082,ok
21819486,ok
15492928,ok
21167187,ok
12939655,ok
17957789,ok
26703369,ok
30093976,ok
18680205,ok
27997549,ok
33150793,ok
20223039,ok
24584348,ok
23047549,ok
30578081,ok
19574279,ok
18416845,ok
29506128,ok
33556149,captcha encountered
19966286,ok
27601186,ok
26901136,ok
24451227,ok
27425854,ok
26109977,status unknown
12783301,ok
25176975,ok
19996202,ok
15684865,ok
22875147,ok
7691344,ok
24793135,ok
32369867,ok
31513681,ok
30049739,ok
31586081,ok
15695382,status unknown
18460863,status unknown
16110488,ok
24055113,ok
26446593,ok
31636395,ok
29641532,ok
20358582,ok
23514105,ok
32020786,ok
17341484,ok
27106701,ok
26402875,ok
21425310,ok
26306726,ok
28087349,ok
32030215,ok
28991257,ok
33194054,status unknown
12807981,ok
12511424,ok
18463704,ok
30724488,ok
27171515,ok
20340136,ok
28194692,ok
28347324,ok
26136524,ok
26546433,ok
15180946,ok
33821390,captcha encountered
15987719,ok
30409984,ok
22290698,ok
21990120,ok
31645765,ok
26211615,ok
18724707,ok
29706558,ok
10528862,ok
7614482,status unknown
32067686,ok
19147845,ok
33552952,captcha encountered
32830346,ok
28551647,captcha encountered
29510530,ok
25060813,ok
31586400,ok
25797027,ok
25651269,ok
10486320,ok
7833931,ok
32953905,captcha encountered
17047042,ok
28857155,ok
21490379,ok
19404735,ok
25437057,ok
27734835,ok
23197654,ok
21194675,ok
25871441,ok
27210295,ok
31956452,ok
25186949,ok
22505045,ok
17344846,ok
32179705,ok
23929434,ok
22692731,ok
28819017,ok
27276934,ok
26845104,ok
18728280,ok
12552564,ok
23753029,ok
31275557,captcha encountered
28166811,ok
18272034,status unknown
32052252,ok
24728327,ok
12202531,ok
8888441,ok
26748215,ok
32801757,ok
23034734,ok
32150665,ok
27033759,captcha encountered
29790589,ok
10869121,ok
29228562,captcha encountered
23200980,ok
28692638,ok
31650098,ok
11091690,ok
21708286,ok
14566559,ok
29074612,ok
21365267,ok
31065452,ok
23613427,ok
27499925,ok
28706299,ok
8807330,ok
26199320,ok
19951905,ok
32854451,ok
31422818,ok
29192238,ok
28837157,ok
15831926,ok
22234250,ok
24803665,ok
17678620,ok
33046565,ok
17627168,ok
26248088,ok
32662065,ok
24951259,ok
27121310,ok
24733792,ok
9521584,ok
21603858,ok
28215400,ok
32255556,ok
31298142,captcha encountered
9590180,ok
25182519,ok
30702970,ok
20722470,ok
22491912,ok
22383991,ok
27619989,ok
30723762,ok
30290804,ok
26296701,ok
27157322,ok
20567915,ok
28882949,captcha encountered
25151357,ok
21901162,ok
28479857,ok
22672937,ok
16870183,ok
10205261,ok
27879972,ok
21514272,ok
11183185,ok
17331079,ok
16619239,ok
31848313,ok
12019211,ok
28385778,ok
28651617,ok
23020152,ok
16267036,ok
30967997,ok
10480359,ok
14966376,ok
20978114,ok
26917275,ok
8665503,status unknown
29589582,ok
30344923,captcha encountered
28319063,ok
9328481,ok
16472587,ok
23906606,ok
12673797,ok
29937994,ok
22915287,ok
26788541,ok
31972048,ok
26332594,ok
17568391,ok
23203078,ok
30849372,ok
15060124,ok
30113886,ok
26228362,captcha encountered
19917125,ok
30564305,ok
11606497,ok
23143602,ok
18602922,ok
16081693,ok
23893897,ok
11756419,ok
18645608,ok
25996639,ok
29386642,ok
18996005,ok
7939630,ok
30625392,ok
20122277,ok
32546701,ok
1559227,status unknown
21715564,ok
21741379,ok
22927201,ok
12827452,ok
30415210,ok
29669935,captcha encountered
18946221,ok
24113799,ok
18794106,ok
9667259,ok
22529920,ok
19927285,ok
24162924,ok
25699077,ok
29478780,ok
26530882,ok
16258541,ok
32575404,ok
23455445,ok
28102005,ok
30334930,ok
30535581,captcha encountered
25178641,ok
28619094,ok
27615706,ok
10923033,ok
23056176,ok
16770759,ok
29887214,ok
12732731,ok
32573733,ok
9764584,ok
12007216,ok
27767231,ok
10777691,ok
17101317,ok
15350310,ok
28525389,captcha encountered
22949387,ok
30283497,ok
31692161,ok
18422726,ok
24123850,ok
33572515,captcha encountered
14732922,ok
28861920,ok
30253992,ok
22703879,ok
2598075,status unknown
30872599,ok
25428789,ok
20153123,ok
20001681,ok
21990165,ok
16010685,ok
28050010,ok
28220018,ok
27717243,ok
31289210,ok
9736778,ok
26635394,ok
30765603,ok
33340421,captcha encountered
12606733,ok
11044354,ok
31227763,ok
33725141,captcha encountered
25735359,captcha encountered
12149228,ok
25694510,ok
17825470,ok
11222779,ok
21876083,ok
32295625,ok
29785135,ok
33260873,ok
26247049,ok
27760138,ok
23825907,captcha encountered
29879026,ok
28470340,ok
9150154,status unknown
8348157,ok
29387807,captcha encountered
17460043,ok
18781619,ok
20927582,ok
17847000,ok
30083234,ok
28717661,ok
18770064,ok
30600599,ok
31090900,ok
25887864,status unknown
3030537,ok
25519458,ok
16269091,ok
25885250,ok
21801156,ok
21859464,ok
28831036,ok
9185756,ok
31965077,ok
18273873,ok
28640387,ok
33100332,ok
30128536,ok
28577564,ok
23129629,ok
27553368,ok
28717660,ok
24122735,ok
30472020,ok
25340522,ok
22678879,ok
15221078,ok
22052327,ok
26556299,ok
18716917,ok
18484200,ok
15834508,ok
29500272,ok
33179473,captcha encountered
28882180,ok
30055349,ok
26140431,ok
24334765,ok
30871259,ok
21761402,ok
26763250,ok
15077197,ok
29632148,ok
18343606,ok
17360484,ok
25685387,status unknown
29858377,ok
23613805,ok
30610926,ok
29356034,ok
25182961,ok
18518984,ok
17274009,ok
26824983,ok
23751316,ok
22293751,ok
20852946,ok
16187186,ok
7837387,status unknown
23435907,ok
19477635,ok
18546366,ok
8845835,ok
30796655,ok
24333619,ok
25931171,ok
31214250,ok
17676035,ok
33910496,captcha encountered
27322474,ok
32091409,captcha encountered
26202870,ok
22486713,ok
12543786,status unknown
17525091,ok
12417513,ok
29263839,ok
15649950,ok
25782689,ok
10735580,ok
32659497,ok
9663595,ok
9829910,ok
29205322,ok
19781682,ok
32581363,ok
11325820,status unknown
32641407,ok
24434690,ok
12952861,ok
18809606,ok
32220041,ok
27716909,ok
15889636,ok
23372765,ok
31371347,ok
23192404,ok
31331294,ok
21039432,ok
29807875,ok
32039725,ok
12393546,ok
28393832,ok
23221806,ok
9300800,ok
22419737,ok
29445900,ok
28642817,ok
33875564,ok
18325052,ok
31370276,ok
30981987,ok
16395668,ok
15918047,ok
18069769,captcha encountered
17568390,ok
17436244,ok
23359684,ok
30487145,ok
28912153,ok
28736296,ok
20186688,ok
33322525,ok
30254663,ok
9383031,ok
24123366,ok
32455662,ok
30640733,ok
20736950,ok
28767289,ok
33094630,captcha encountered
30461124,ok
24323938,ok
27629256,ok
19708762,ok
27267386,ok
23292937,ok
24525505,ok
26559152,ok
28968464,ok
26314409,ok
18693280,ok
32935436,ok
11265669,ok
26785832,ok
25770152,ok
15472167,ok
26659599,ok
30447919,ok
23633455,ok
31837202,ok
28477318,ok
14612556,status unknown
32806537,ok
32451180,ok
11279524,ok
32429104,ok
27170661,ok
18348286,ok
23951356,ok
25117503,ok
33195396,ok
25399228,ok
21239990,ok
27907908,ok
27023146,ok
28978796,captcha encountered
27829436,ok
28153049,ok
29264456,ok
14633923,ok
21598002,ok
11382771,ok
25348012,ok
15256438,ok
28861620,ok
24781757,ok
30816478,ok
11443540,ok
24997771,ok
10424811,status unknown
26852015,ok
28724667,ok
29310832,ok
22848293,ok
31957001,ok
10340909,ok
16175654,ok
7874109,ok
30709382,ok
16705552,ok
15026370,ok
29471113,ok
23784378,ok
29681614,captcha encountered
27870577,ok
12750283,status unknown
27603373,ok
16083711,ok
31341520,ok
30680959,ok
30758123,ok
30702160,ok
31350925,ok
32726901,ok
32561076,ok
19320659,ok
23265383,ok
28550306,ok
26738429,ok
16081110,ok
22476429,ok
28007021,ok
22504961,ok
10699917,ok
22851212,ok
22483971,ok
23343000,ok
21128252,ok
15876480,ok
29907814,ok
27276561,ok
24082139,ok
21120944,ok
26822237,ok
25733075,ok
10620111,ok
7512860,ok
29669919,ok
24334767,ok
12569143,ok
10381903,ok
11112665,ok
27203213,captcha encountered
30720243,ok
29719599,captcha encountered
29659587,ok
20670955,ok
30996306,ok
15465463,ok
23239622,ok
21765987,ok
23612258,ok
25592983,ok
29416752,captcha encountered
26315354,ok
26176944,ok
8872468,ok
15235020,ok
7515303,ok
25134804,ok
24413733,ok
22995991,ok
26246475,captcha encountered
32008151,ok
11470537,ok
26457233,ok
27383479,ok
22306653,ok
28971906,ok
29805046,ok
31510104,ok
30134826,ok
24884479,ok
16652348,ok
25666743,ok
23028338,ok
30832263,ok
24182348,ok
18256760,ok
31920950,ok
27273131,ok
15527911,ok
18041031,ok
22495361,ok
18067074,status unknown
18627636,ok
10980579,ok
26913838,ok
10918183,ok
20923864,ok
21990299,ok
29360161,ok
28002797,ok
30957677,ok
26302956,ok
30352134,ok
19897426,ok
12810663,status unknown
26208905,ok
20582465,ok
29572003,ok
24556926,ok
21537932,ok
9245987,ok
21810023,ok
25948282,ok
12917204,status unknown
15234339,ok
26670561,ok
18511571,ok
22136840,ok
22798144,ok
23961350,ok
18234728,ok
19725997,ok
15849733,ok
29137355,ok
28976792,ok
12541220,ok
30233642,ok
24481001,ok
23161105,ok
23910461,ok
11810271,ok
17348456,status unknown
31130284,ok
26053404,ok
33478551,captcha encountered
22752289,ok
29754934,ok
22422767,ok
22799452,ok
26933808,ok
25179843,ok
18230692,ok
30852976,ok
31342592,ok
22664493,status unknown
27245685,ok
21147080,ok
21437237,ok
31159747,ok
28546994,ok
29617666,ok
15354210,ok
27149842,ok
11301010,ok
10336779,ok
27022066,ok
29176636,ok
23479189,ok
15483016,ok
22811390,ok
15761418,ok
16518693,ok
16418736,ok
32818509,ok
30032850,ok
29846619,ok
32511227,ok
28218421,ok
22114986,ok
26718692,ok
16905680,ok
20059346,ok
17636424,ok
31368132,ok
25556971,ok
23536260,ok
26933125,ok
28288110,ok
10755399,ok
20093296,ok
23470247,ok
29997923,ok
22952040,ok
29555771,ok
28339459,ok
32127467,ok
31869745,ok
18821011,ok
10882858,ok
30604180,ok
27150160,ok
32218826,captcha encountered
24595525,ok
11504857,ok
30134342,ok
17124347,ok
31867792,ok
30662543,ok
21520337,ok
11370630,captcha encountered
27553291,ok
21273643,ok
32601921,ok
24522117,ok
29292755,ok
20549362,ok
24909264,ok
29338689,ok
29706348,ok
26648449,ok
28975465,ok
14999774,ok
32702694,ok
18606567,ok
33318203,captcha encountered
25583476,ok
26792934,ok
22112814,ok
15964893,ok
11468183,ok
28401291,ok
23555315,ok
23775540,ok
19200354,ok
15385441,ok
15829248,ok
16461462,ok
23155228,status unknown
20176959,ok
32616555,ok
20694749,ok
30753826,ok
31876204,ok
24393486,ok
27527004,ok
26720728,ok
16234564,ok
27599564,ok
16126774,ok
11180668,ok
21244692,ok
29750335,ok
31019283,ok
28481359,ok
23709298,ok
27392081,ok
22753153,ok
25670083,ok
22419703,ok
18703817,ok
16931872,ok
32074614,ok
26506520,ok
12844284,ok
26581427,ok
26340805,ok
11948460,ok
31121144,ok
21980511,ok
21324516,ok
25910067,ok
20154675,ok
21463266,ok
26110843,ok
20305132,ok
16981987,ok
24166983,ok
33255984,ok
24953332,ok
12386824,ok
15629612,ok
23378595,ok
19471317,ok
31749828,ok
32502382,ok
18515411,ok
21532617,ok
23525077,ok
25823446,ok
11186891,status unknown
18431501,ok
28829762,ok
17314234,ok
32807118,ok
15766587,ok
21533266,ok
23846443,ok
24416720,ok
22144684,ok
30612635,ok
16544996,ok
26956035,ok
18937943,ok
26221963,ok
29107334,ok
31013963,ok
30763456,ok
23174333,ok
26915939,ok
23038625,ok
24141787,ok
11687599,ok
28932927,ok
23376243,ok
28829750,ok
30256826,ok
15855432,ok
19454582,ok
17207658,ok
29146883,ok
19141585,ok
29642553,ok
18497862,ok
15996210,ok
10213492,ok
28569743,ok
29752822,ok
18566915,ok
25326635,ok
21965147,ok
10554798,ok
29522511,ok
20059485,ok
10429655,ok
30555256,captcha encountered
31567539,ok
10817650,captcha encountered
11121129,ok
18573309,ok
30262796,ok
31202631,ok
18312450,ok
25256751,ok
31125277,ok
16998812,ok
18822302,ok
25533962,ok
7537150,ok
25124163,ok
25148578,ok
25225577,ok
22669205,ok
32019284,captcha encountered
15300849,ok
16014699,ok
17411426,ok
31937788,ok
9108869,ok
27589204,ok
12698193,ok
12473594,status unknown
11389159,ok
16760289,ok
7505693,ok
12415268,ok
31398194,ok
21659347,ok
16949048,ok
33029249,captcha encountered
33067490,ok
28685160,ok
29335925,ok
32709856,ok
21325014,ok
27227907,ok
15932632,ok
7540587,ok
15769334,status unknown
27741520,ok
24130121,ok
25725622,ok
31992191,ok
29517769,ok
25111659,ok
16140997,ok
15075790,ok
12673801,ok
28111427,captcha encountered
17956637,ok
31784482,ok
26320869,ok
29909963,ok
33526602,captcha encountered
20507642,ok
21943394,ok
29325503,ok
27914478,ok
19812525,ok
14627671,ok
24040339,ok
33718253,ok
27999334,ok
28467829,ok
27214204,ok
15829246,ok
32635641,ok
17481968,ok
30061258,ok
26740214,ok
19260062,ok
32081541,ok
27621404,ok
27124905,ok
8673090,ok
17218939,ok
17003641,ok
25754945,ok
23898106,status unknown
12810666,ok
33167498,ok
19619314,ok
28664449,ok
31742824,ok
15236168,ok
28546993,ok
33782497,ok
33980423,captcha encountered
30942098,ok
26193622,ok
26325287,ok
23431106,captcha encountered
25149476,ok
30224629,ok
31432501,ok
29273096,ok
25337278,status unknown
18033691,ok
17080309,ok
21153778,ok
23741719,status unknown
32164334,ok
30122538,ok
24669198,ok
8364580,ok
23934222,captcha encountered
10439961,ok
19773425,ok
28069802,ok
18612690,ok
14621993,ok
25338684,ok
29858219,ok
23767878,ok
14670928,ok
26067864,ok
18983535,ok
23824750,ok
31016814,ok
20077502,ok
32040869,ok
21266384,ok
25604157,ok
20583550,ok
21520333,ok
12172547,ok
27852271,ok
33125697,captcha encountered
26166474,ok
28024868,ok
7562975,ok
27533158,ok
30209399,ok
11260229,ok
24660985,ok
25025451,ok
30248171,ok
28609377,ok
29178624,ok
12474142,ok
14998948,ok
19732775,ok
21631589,ok
31697823,ok
28814288,ok
15781620,ok
19810821,ok
17895320,ok
31036035,ok
22086678,ok
26377631,ok
26026974,ok
18728283,ok
28185914,ok
16574953,ok
8834249,ok
12522549,ok
11536052,ok
20373145,ok
24172824,ok
33673681,captcha encountered
22892530,ok
12610780,ok
33558524,captcha encountered
30645782,ok
15643609,ok
33162331,ok
15320968,ok
22451500,ok
32926152,ok
29607586,ok
15726418,ok
12400598,ok
10464642,ok
9709044,ok
21404117,ok
29855806,ok
26168399,ok
31757951,ok
28398198,ok
9398721,ok
23538340,ok
28423363,ok
16830328,ok
28627087,ok
25085640,ok
25176472,ok
30613976,ok
12676908,ok
21034533,captcha encountered
28008555,ok
25580864,ok
23837913,ok
11705864,status unknown
18484068,ok
31712133,ok
19564887,ok
25480878,ok
18322301,ok
15340264,ok
29185092,ok
8710906,ok
29325035,ok
12444097,ok
10939806,status unknown
28283652,ok
12759930,ok
12939925,status unknown
15661657,ok
28497564,ok
19215943,ok
16760288,ok
28556356,ok
32443704,ok
27354240,ok
25639900,ok
17311297,ok
28750076,ok
10069810,ok
30833958,ok
11438206,ok
17055652,ok
30131383,ok
32547938,ok
32936981,ok
12442275,ok
21199492,ok
17143531,status unknown
28544683,ok
28784578,ok
26400813,ok
16683254,ok
29432982,ok
26798439,captcha encountered
27488870,captcha encountered
33787673,captcha encountered
34130653,captcha encountered
32914570,ok
29812963,ok
29936257,ok
15159313,status unknown
11938439,ok
16528604,ok
11781295,ok
11870161,ok
24090359,ok
24410847,ok
20544271,ok
29394989,ok
30545397,ok
33471991,ok
25058500,ok
28439188,ok
23096105,ok
31758407,ok
15253764,ok
33332384,captcha encountered
3347199,status unknown
15039971,ok
31325073,ok
9792409,ok
26535628,ok
20663686,ok
25792561,ok
30883759,ok
28608624,ok
29988080,ok
24729269,ok
26100556,ok
28802053,ok
21407264,ok
21273304,ok
26603463,ok
24961674,ok
15319288,ok
11241844,ok
26894854,ok
29409816,ok
30679323,ok
11720476,ok
29245953,ok
28231738,ok
12920083,ok
9133447,ok
25412673,ok
19506109,ok
12624160,ok
23469205,ok
25880441,ok
23818547,ok
10660329,status unknown
24667779,ok
19737859,ok
15108288,ok
32989896,ok
29346284,ok
17001668,ok
27329244,ok
17166884,ok
30972172,status unknown
8776600,ok
22778927,ok
25682074,ok
17640065,ok
31034483,ok
20977904,ok
12442270,ok
30308447,ok
28946813,ok
15943554,ok
29681454,ok
32068069,ok
26358404,ok
29216686,ok
30420730,ok
31453292,ok
15845562,ok
31857678,ok
20485063,ok
33273034,ok
21666498,ok
24158910,ok
18375895,ok
17088437,ok
31761620,ok
25318681,ok
25925381,ok
30088779,ok
30943211,ok
20506337,ok
32073752,ok
16216036,ok
29446198,ok
30453575,ok
25636364,ok
29928469,ok
10417303,ok
22853774,ok
28039656,ok
19414147,ok
21203900,ok
31491536,ok
1316610,ok
11879922,ok
33754015,captcha encountered
23675308,ok
32366478,ok
7647787,ok
28497333,ok
17594722,ok
27087319,ok
20503313,ok
22126563,status unknown
21948798,ok
28495916,ok
22682623,ok
29074453,ok
31528241,ok
32575117,ok
23800062,ok
27247962,ok
28502252,ok
18809580,ok
12696072,ok
27153395,ok
16773562,ok
9345011,status unknown
21680795,ok
17252231,ok
7739684,ok
25347344,ok
30014164,ok
27009842,captcha encountered
26350354,ok
26483394,ok
31477031,ok
31734230,ok
12917422,ok
27217144,ok
10719365,status unknown
29731985,captcha encountered
23656349,ok
23977390,ok
23084198,ok
26564480,ok
31526759,ok
12362033,ok
12111639,ok
9361038,ok
29098742,ok
9021520,status unknown
30050099,ok
31843900,ok
31422574,ok
26406419,ok
33674381,ok
27582386,ok
19011468,ok
23322442,ok
1284534,ok
7689013,ok
20643596,ok
15689452,ok
24767713,ok
25918615,ok
27616075,ok
30521064,ok
25856668,ok
21258621,ok
12533788,ok
10835640,ok
16539696,ok
16354195,ok
24710284,ok
1626703,ok
1545465,status unknown
21963792,ok
22211879,ok
31391146,ok
23159591,ok
12588804,ok
27038812,ok
25468431,ok
28195393,ok
33964450,captcha encountered
25985877,ok
29500430,ok
31801140,ok
27831900,ok
11726306,status unknown
26333163,ok
30031030,ok
31883735,ok
30267214,ok
9425226,ok
11920650,ok
29732003,ok
18951446,ok
17594398,ok
7894491,ok
9872980,ok
25344691,ok
21769658,ok
30324798,captcha encountered
15026335,ok
16995940,ok
30078507,ok
9003508,ok
16542853,ok
28944238,ok
19909015,ok
28256603,ok
31228304,ok
14754616,status unknown
29678143,ok
31370007,captcha encountered
30840781,ok
31533651,ok
28947568,ok
16636019,ok
28494185,ok
33937409,captcha encountered
29642415,ok
25980754,ok
16944272,ok
8993976,ok
1444830,status unknown
32113160,ok
28687971,ok
21081928,ok
27989354,ok
20110747,ok
18798306,ok
9616183,status unknown
23117857,ok
31874108,ok
31454914,ok
28798025,ok
32369273,ok
25197929,captcha encountered
27655433,ok
21165770,ok
14705792,ok
19745057,ok
27124784,ok
29267365,ok
10854221,ok
22331366,ok
23725378,ok
24154570,ok
30046002,captcha encountered
15744523,ok
25652403,ok
21986619,ok
19802896,ok
23523604,ok
19264984,ok
26009992,ok
26022348,ok
29386312,ok
22649200,ok
29472279,ok
17298551,ok
20503330,ok
17550235,ok
24968822,ok
11553053,ok
25400221,ok
26976419,ok
17033622,ok
17879353,ok
24929325,ok
17539902,ok
24896186,ok
31658439,captcha encountered
30246500,ok
21309039,ok
23210696,ok
29604063,ok
9863590,ok
18058223,ok
23555973,ok
18092194,ok
33020115,ok
31786208,ok
29617658,ok
31665830,ok
12070261,ok
30040829,ok
28828701,ok
22216297,ok
29951630,ok
22460208,ok
28575754,ok
17653898,ok
30049486,ok
28680148,ok
28864460,ok
17700570,ok
29458332,ok
29146900,ok
11168023,ok
22591852,ok
25614825,ok
21538689,ok
18383312,ok
22252508,ok
28765196,ok
31937902,ok
27253233,ok
32365829,ok
27264265,ok
31321604,ok
25579085,ok
23849459,ok
23838596,ok
30840646,ok
29566657,ok
23231788,ok
8589730,ok
17329263,ok
22843233,ok
26902849,ok
33077954,ok
29386252,ok
15655560,ok
29483232,ok
23849264,ok
14504054,ok
18628483,ok
11556834,ok
27161865,ok
23239986,ok
24278325,ok
21753072,ok
18419787,ok
31569399,ok
27793025,ok
33276026,ok
29316957,ok
14520694,ok
16287113,ok
26286068,ok
28188106,ok
32547059,ok
32777524,ok
24949998,ok
21932393,ok
23629955,ok
32318955,ok
21918854,ok
29462256,ok
25994018,ok
32372223,ok
25303977,ok
25505230,ok
30828692,ok
14735200,ok
30337457,ok
32338768,ok
23108399,ok
20522427,ok
12845657,ok
32992489,ok
31358837,ok
28223274,ok
30537493,ok
29056573,ok
30238922,captcha encountered
33087175,ok
31853058,ok
30797621,ok
20848659,ok
18227510,ok
28646318,ok
31780696,ok
30287823,ok
26677768,ok
27387124,ok
16896043,ok
32575483,ok
20071235,ok
29261756,ok
26942101,ok
7606717,status unknown
31681265,ok
11987242,ok
18502988,ok
10561699,status unknown
33454955,captcha encountered
27167707,ok
28752392,ok
31468469,ok
23612316,ok
22810696,ok
25228659,ok
12509227,ok
10094191,ok
29368626,ok
26780556,ok
25619829,ok
25820570,ok
31007844,captcha encountered
9272157,ok
12427538,ok
19116017,ok
30877237,ok
18203022,ok
10676634,status unknown
9671762,ok
29357828,ok
23263490,ok
31465090,ok
23993471,ok
18580441,ok
30006516,ok
31248605,ok
33298767,captcha encountered
31567591,ok
10204851,status unknown
19016756,ok
31550935,ok
27067391,ok
28866612,ok
22753008,ok
8844212,ok
28993434,ok
16138229,ok
23601753,ok
30730459,ok
9259198,ok
25785092,status unknown
12915454,ok
27974047,ok
17272608,ok
10607950,status unknown
27283993,ok
23983145,ok
23354017,ok
32139749,ok
29625052,ok
32046999,ok
11093276,ok
24204729,ok
28566479,ok
16876016,ok
27882345,ok
25616367,ok
24633152,ok
10435620,ok
9443866,ok
15463840,ok
23315997,ok
31160347,ok
15172985,ok
12491499,ok
29535388,ok
1300551,status unknown
30851086,ok
26344056,ok
23729658,ok
24904105,ok
18335566,ok
29755653,captcha encountered
28060055,ok
20400964,ok
24239177,ok
27573755,ok
27633797,ok
31372739,ok
24440087,ok
31512090,ok
29316426,ok
29891727,ok
29778231,ok
15366000,ok
33630087,captcha encountered
17720936,ok
23940062,ok
25974357,ok
29575684,ok
33980861,captcha encountered
16451135,ok
21618343,ok
32599251,ok
26338694,ok
20215541,ok
28644590,status unknown
27535533,ok
28843361,ok
30389154,ok
33421217,captcha encountered
15682379,ok
21150883,ok
24607278,ok
19499246,ok
21918853,ok
30092773,ok
25309785,ok
16813607,ok
23806170,ok
22711857,ok
19531215,ok
30992994,ok
16084127,ok
19443294,ok
26056819,ok
28202063,ok
26960396,ok
27406316,ok
21837758,ok
23621914,ok
12853198,ok
19906784,ok
25121636,ok
31294896,ok
15130785,ok
28179590,captcha encountered
23946315,ok
16510303,ok
33747205,captcha encountered
30359267,ok
31191615,ok
27449473,ok
15025720,ok
7647780,ok
27528712,ok
21822267,ok
30339208,ok
28407358,ok
9288106,ok
12235314,ok
21343334,ok
16489001,ok
26884178,ok
15860862,ok
21462282,ok
21512261,ok
7585968,ok
9052445,status unknown
26340530,ok
32866190,ok
11865300,ok
22676047,ok
22174939,ok
24470074,ok
30296588,ok
31349801,ok
23588873,ok
8581513,ok
20531397,ok
27223485,ok
24929024,ok
14550946,ok
11756177,ok
11157798,ok
25971625,ok
26893459,ok
28409891,ok
31721781,ok
24050928,ok
30039340,ok
22829774,ok
28503760,ok
30322717,ok
31844968,ok
15805151,ok
28259476,ok
12618761,ok
19793053,ok
31668570,ok
9195229,ok
15737014,ok
31448843,ok
30630526,ok
15172753,ok
14641237,ok
33540286,captcha encountered
30797618,ok
17016615,status unknown
30549301,ok
28188185,ok
21348957,ok
33608381,captcha encountered
26181448,ok
28271309,ok
29785566,ok
30590007,captcha encountered
18772120,ok
32566746,ok
21394826,ok
19683821,ok
25824995,ok
31552911,ok
18288683,ok
31209999,ok
27844328,ok
26989398,ok
27284491,ok
11320250,ok
18593900,ok
26089335,ok
27099842,ok
18178632,ok
9147636,ok
26010451,ok
31131559,ok
26307114,ok
26277624,ok
18439086,status unknown
8566964,ok
12414898,ok
25492507,ok
26296696,ok
15872200,ok
23210566,ok
31711124,ok
32169874,ok
24517344,ok
26983443,ok
17026623,ok
22753590,ok
29300386,ok
31285527,ok
20103620,ok
28655774,ok
30448219,ok
28369373,ok
24697796,ok
29297111,ok
29636988,ok
31118792,ok
30642281,ok
33840814,captcha encountered
33078592,captcha encountered
8662892,ok
24459294,ok
25477341,ok
29298718,ok
28670531,captcha encountered
30039884,ok
26887047,captcha encountered
16467080,ok
22366370,ok
29760015,ok
23917401,ok
12166651,ok
20373070,ok
29706646,ok
20595802,ok
33827469,captcha encountered
31658756,ok
33120919,ok
26158642,ok
32615015,ok
24868540,ok
25086635,ok
33134171,ok
15609317,ok
26951660,ok
32668560,ok
30606148,ok
26500004,ok
19818148,ok
29173301,ok
9333265,status unknown
28125078,ok
24556621,ok
31803232,ok
22615956,ok
16339147,ok
9194486,ok
11436122,ok
22427236,ok
32902182,ok
32025337,ok
25704068,ok
30132833,ok
22788692,ok
32555378,ok
21989927,ok
31297992,ok
22883484,ok
9322498,ok
26576048,ok
20921021,ok
17020473,ok
25054154,ok
19935797,ok
32868804,ok
26214590,ok
22161988,ok
20591884,ok
29868112,ok
31475041,ok
26534844,ok
21285249,ok
21679131,ok
30199306,ok
32778766,ok
21106365,ok
32322110,ok
33108757,ok
32041611,ok
26183948,ok
20146583,ok
19032956,ok
22071889,ok
32227564,ok
30309378,ok
32313033,ok
33193564,ok
33130102,ok
22370629,ok
21752896,ok
12547705,ok
31942412,captcha encountered
28502479,ok
28279176,ok
32284662,ok
30651582,ok
12697903,ok
30379828,ok
10204861,status unknown
20932301,ok
24204193,ok
15814878,ok
21404119,ok
32414209,ok
22571758,ok
22006311,ok
20151405,ok
24631642,ok
27253664,ok
32081490,ok
11239453,ok
22942235,ok
27884173,ok
18470917,ok
23913538,ok
19333784,ok
19908051,ok
20165957,ok
29785153,captcha encountered
10422993,ok
15024739,ok
29654263,ok
20571869,ok
16631465,ok
29212164,ok
28864920,ok
26517685,ok
30067863,ok
9950360,ok
29914578,ok
32555368,ok
31766501,ok
18003885,ok
24204751,ok
18059268,ok
18297428,ok
12095971,ok
15945100,ok
28780565,ok
2236053,ok
16715702,status unknown
21345144,ok
15886521,ok
23528559,ok
20170385,ok
24458023,ok
17924555,ok
3009397,ok
21118481,ok
18053174,ok
29753700,ok
28135048,ok
27578509,ok
17192056,ok
21673748,ok
9242375,ok
24129438,ok
27641368,ok
30814645,ok
29020732,captcha encountered
23760103,ok
33854152,captcha encountered
24853695,ok
23541568,ok
27882536,ok
21614564,ok
33108454,ok
28521409,ok
22401137,ok
19367192,ok
18493658,ok
22675565,ok
25525159,ok
26503946,ok
16826315,ok
7920640,ok
20571908,ok
19638463,ok
29156750,ok
29220673,ok
28676220,ok
27527340,ok
25884806,ok
22942091,ok
12952869,ok
21939546,ok
26436109,ok
28502729,ok
22713736,ok
21340633,ok
28466842,ok
19479271,ok
17931073,ok
31704777,ok
26437257,ok
25804231,status unknown
25078279,ok
26318770,ok
31579262,ok
21085193,ok
24807215,ok
8640235,ok
9510469,ok
12120234,ok
29487696,ok
21063910,ok
30842500,ok
9463314,ok
29523635,ok
28724664,ok
24704021,ok
21655256,ok
30303537,ok
14973102,ok
12655515,ok
30268473,ok
26757417,ok
31978131,ok
22311583,ok
16786510,ok
14579148,ok
7591282,ok
27244218,ok
29308445,ok
21626677,ok
25637381,ok
22837065,ok
16234499,ok
15001988,ok
17623063,ok
14695993,ok
12872252,ok
19666486,ok
10633137,ok
31856217,ok
24336963,ok
34011307,captcha encountered
19563646,ok
30788456,ok
23034506,ok
22723466,ok
22086496,ok
10925568,status unknown
11523757,ok
31031019,ok
17369389,ok
8914736,ok
17993636,ok
17641557,status unknown
9259193,ok
20071345,ok
9837821,ok
28422960,ok
22034289,ok
19885835,ok
30301958,ok
23620094,ok
26875496,ok
23856246,ok
15595939,ok
18094436,ok
1565143,ok
26436105,ok
17524638,ok
28440963,ok
16491075,ok
12552566,ok
16128988,ok
14559852,status unknown
28553140,ok
30013564,ok
23512077,ok
29261847,ok
28531214,ok
15696190,ok
18273839,ok
11376800,ok
9744472,ok
27751358,ok
27085493,ok
19076627,ok
18049891,ok
28062663,ok
33118316,ok
17711506,ok
11156385,status unknown
31062380,ok
24504028,ok
25515738,ok
10878476,ok
27626068,ok
22213089,ok
11948175,ok
32047639,ok
32156018,ok
31568062,ok
9667734,ok
27523608,ok
9829912,ok
31923267,ok
29978187,ok
26226092,ok
20457215,ok
24952746,ok
29290338,ok
25236910,ok
26077438,ok
16033915,ok
20858050,ok
30155321,ok
10896297,ok
10534763,status unknown
16270383,captcha encountered
22462637,ok
26252958,ok
31709488,ok
33544795,captcha encountered
11698567,ok
16425354,captcha encountered
16982745,ok
26979391,ok
26822149,ok
23755103,ok
26034076,ok
9526167,ok
19151755,ok
31872980,ok
15776435,ok
17351744,ok
21520273,ok
24076587,ok
32612247,ok
22949379,ok
33353406,captcha encountered
15097853,ok
29801666,ok
9311594,ok
29933521,ok
31589614,ok
20021716,ok
24886963,ok
22588155,ok
27742654,ok
24027009,ok
2455662,status unknown
20824432,ok
23974870,ok
20717170,ok
33686467,captcha encountered
25653542,ok
28445943,ok
2199013,status unknown
9537325,ok
29348823,captcha encountered
9761393,ok
11719428,status unknown
23448497,ok
10464631,ok
24933000,ok
18755888,ok
32393398,ok
9324288,ok
32099073,ok
26096739,ok
31006514,ok
31010464,ok
26086041,ok
26416542,ok
19725995,ok
26164066,ok
29707112,ok
24136930,ok
22585167,ok
24423289,ok
29302806,ok
10639207,ok
15095295,ok
26471113,ok
26186299,ok
17509661,ok
26837699,ok
7542226,ok
18451181,ok
23401075,ok
16645203,ok
18824701,ok
22535016,ok
29223984,ok
30895164,ok
26123647,ok
31069529,ok
27328445,ok
30720863,ok
18504617,ok
19484507,ok
29706350,ok
29684080,ok
17095871,ok
21173094,ok
31917706,ok
9921909,ok
27222777,ok
18607349,ok
22155606,ok
25033378,ok
26110232,ok
27229674,ok
